de_DE Montag, 1. August 2011 11:58:36 Deutschland
de_DE Montag, 1. August 2011 11:58:36 MESZ
de_DE Montag, 1. August 2011 11:58:36
de_DE Montag, 1. August 2011 11:58
de_DE 1. August 2011 11:58:36 Deutschland
de_DE 1. August 2011 11:58:36 MESZ
de_DE 1. August 2011 11:58:36
de_DE 1. August 2011 11:58
de_DE 01.08.2011 11:58:36 Deutschland
de_DE 01.08.2011 11:58:36 MESZ
de_DE 01.08.2011 11:58:36
de_DE 01.08.2011 11:58
de_DE 01.08.11 11:58:36 Deutschland
de_DE 01.08.11 11:58:36 MESZ
de_DE 01.08.11 11:58:36
de_DE 01.08.11 11:58